customer_id,name,email,signup_date,segment,country
362,Brian Smith,akim@example.org,2025-12-22,VIP,Lithuania
264,Daniel Thomas,thickman@example.org,2024-07-14,Regular,Montenegro
409,Michael Mccoy,robert18@example.com,2024-10-19,VIP,Reunion
178,Evelyn Martinez,samuel67@example.com,2023-07-11,Premium,Colombia
117,Leonard Holland,tblankenship@example.net,2023-11-02,VIP,Burundi
364,Benjamin Singleton,andrew41@example.org,2023-07-15,Premium,Tuvalu
12,Kyle Mcdonald,tasha01@example.net,2025-12-22,Premium,Sao Tome and Principe
277,Jenna Wilson,brittanygardner@example.net,2025-06-13,Regular,Anguilla
113,Joshua Mata,maria47@example.com,2025-05-10,Regular,Guadeloupe
298,Ronald Potter,nancy07@example.com,2023-07-27,Regular,Svalbard & Jan Mayen Islands
45,Michael Smith,michaeljones@example.net,2026-02-19,Regular,Nigeria
222,Thomas Butler,sarahjohnson@example.com,2025-07-17,Regular,Colombia
372,Kristen Randall,rsheppard@example.com,2024-07-28,Regular,Dominica
315,Angelica Garcia,lawrencepatrick@example.com,2023-06-01,Regular,Burundi
314,Carly Bell,courtneyhernandez@example.com,2024-10-07,Regular,Kenya
140,Jose Reed,campbellerika@example.com,2024-05-14,Regular,Gambia
459,Shaun Thomas,smithcandice@example.net,2024-06-17,Premium,Belize
67,Dana Terry,melissa91@example.net,2025-07-08,Premium,Guatemala
447,Jonathan Perry,odavis@example.org,2024-12-24,Regular,Greenland
418,Vicki Richard,laurengutierrez@example.com,2025-01-18,VIP,Cocos (Keeling) Islands
391,Elizabeth Rodriguez,rogersjoshua@example.com,2025-11-14,Premium,Eritrea
381,Annette Melton,kevinmanning@example.com,2023-03-19,VIP,Israel
485,Robert Clarke,zbell@example.net,2026-01-29,Regular,Taiwan
291,Lisa Cervantes,samantha91@example.net,2022-08-08,Regular,British Indian Ocean Territory (Chagos Archipelago)
242,Jonathan Roberts,barbara53@example.com,2025-12-08,Regular,Panama
13,Martin Rodriguez,amoore@example.net,2025-12-08,Regular,Estonia
448,Daniel Goodwin,wbarajas@example.net,2022-01-15,VIP,Paraguay
416,Marco Johns,watsonmatthew@example.org,2023-10-20,VIP,Korea
452,Michael Ayala,nhouston@example.net,2025-09-21,VIP,Turkey
385,Kathy Reid,maldonadojohn@example.com,2024-09-01,Regular,Christmas Island
268,Jamie Barton,lauren11@example.com,2022-09-11,Regular,Rwanda
11,Ann Williams,hernandezernest@example.net,2023-11-24,VIP,Bahrain
325,Frances Patterson,bakertheresa@example.net,2022-05-07,VIP,Korea
58,Lauren Dominguez,wwoods@example.com,2025-05-21,Regular,Timor-Leste
6,Corey Jones,kendragalloway@example.org,2025-11-22,Regular,Hong Kong
135,Phillip Andrews,xbruce@example.net,2024-10-03,Regular,Norway
340,Melissa Williams,eddie35@example.com,2024-04-22,Regular,Philippines
3,Connie Lawrence,blakeerik@example.com,2023-07-13,Regular,Cape Verde
149,Maria Downs,michelle52@example.com,2022-04-23,VIP,Kenya
68,Mary Jones,alexander67@example.org,2023-12-13,Regular,Guyana
498,Larry Lee,qandrews@example.org,2023-10-31,Regular,Botswana
324,Kelly Logan,gary24@example.net,2025-12-25,VIP,Sierra Leone
83,Christopher Jones,ortizhannah@example.com,2023-04-23,Premium,Djibouti
66,Laura Odonnell,tsanders@example.org,2022-05-05,Regular,Portugal
317,James Lucas,troyrodriguez@example.com,2024-11-13,Regular,Barbados
96,Charles Lee,michellehill@example.com,2023-07-12,Premium,Solomon Islands
311,Kevin Stone,ssmith@example.com,2025-09-02,Regular,Tokelau
424,David Stevens,fmiller@example.com,2023-06-03,VIP,Luxembourg
473,Amanda Wong,padillaadrienne@example.com,2025-10-02,VIP,Estonia
94,Michelle Collins,tranchristopher@example.org,2024-01-28,VIP,British Indian Ocean Territory (Chagos Archipelago)
349,Dr. Jonathan Price,anthonyharper@example.org,2026-01-09,VIP,Slovakia (Slovak Republic)
46,Ryan Cortez,william65@example.com,2025-02-18,Regular,Micronesia
294,Anthony Howard,washingtonjames@example.com,2026-05-01,Regular,Madagascar
397,Seth Fisher,nathan94@example.com,2025-10-28,Regular,Latvia
209,Brian Butler,laura09@example.com,2023-03-12,Regular,Palau
16,Dr. Cynthia Allen,millertodd@example.org,2026-05-24,Premium,Martinique
213,Kristina Bolton,ufox@example.org,2024-01-25,Premium,Martinique
341,Robert Thompson,jbond@example.net,2024-06-21,Regular,Bhutan
65,Carol Lawson,stricklandfrank@example.com,2022-06-27,Regular,Anguilla
229,Michael Leblanc,hannah45@example.net,2022-12-29,VIP,Burkina Faso
434,Grant Phillips,devonmorrison@example.net,2024-04-20,VIP,Tajikistan
53,Sylvia Martinez,lauriecontreras@example.net,2024-09-04,Regular,Zambia
302,Rachel Sellers,michelle22@example.org,2022-08-28,Regular,Gibraltar
86,Paul Carroll,scott74@example.net,2023-10-23,Premium,Faroe Islands
207,Kelly Hernandez,markaustin@example.org,2023-10-07,VIP,Nicaragua
408,Mary Valdez Md,butleromar@example.net,2023-02-19,VIP,Reunion
235,Jeff Graves,michaelcesar@example.com,2022-02-22,VIP,Ireland
148,Mary Thompson,kmarshall@example.net,2024-01-07,Regular,Uzbekistan
220,Joshua Hickman,edelgado@example.com,2024-12-03,Regular,Saudi Arabia
249,Timothy Hayden,burgesskaren@example.org,2025-02-15,Regular,Romania
167,Cynthia Vang,jeffrey51@example.net,2024-12-02,Regular,Somalia
465,Margaret Hill,dennis57@example.com,2024-01-01,VIP,Singapore
73,Peter Vaughn Dds,bwest@example.org,2023-04-28,Premium,Iraq
15,Phillip Ryan,georgetracy@example.org,2026-03-05,Regular,Turkey
393,Jennifer Flores,jenniferrios@example.com,2023-03-02,VIP,Italy
328,Cassidy Horne,tranrobin@example.net,2024-12-12,Premium,Czech Republic
426,Stefanie Hart,xclements@example.org,2025-09-02,Premium,Tanzania
157,Michael Miller,vschneider@example.org,2025-01-04,VIP,Switzerland
337,Dean Edwards,vhaynes@example.com,2023-06-06,Premium,Faroe Islands
120,John Russell,antonio53@example.com,2023-12-31,Premium,Dominica
484,Larry Carey,xboyd@example.org,2025-02-18,Regular,Japan
187,Rita Ponce Dvm,jenna88@example.com,2026-01-02,Regular,Thailand
444,Barbara Williams,angela22@example.net,2025-10-20,VIP,Albania
133,Bryan Gomez,uparrish@example.org,2026-05-09,Regular,Netherlands Antilles
481,Lisa Dixon,jennifercooper@example.com,2024-09-05,Regular,Bangladesh
128,Katherine Browning,lammarc@example.org,2022-04-18,Premium,Falkland Islands (Malvinas)
281,Margaret Miller,dianekelly@example.net,2024-10-02,VIP,Mongolia
450,Janice Fernandez,angel85@example.net,2025-08-10,VIP,Kiribati
206,Holly Thomas,cporter@example.org,2022-08-13,VIP,Grenada
398,Mark Carpenter,kennedyjames@example.org,2025-11-24,Premium,Hong Kong
319,Tiffany Townsend,matthewsalexander@example.org,2022-03-07,Regular,Bahamas
136,Lisa Barrett,anthony44@example.com,2023-07-31,Regular,Cocos (Keeling) Islands
379,Charles Franklin,vwilliams@example.net,2023-01-25,Premium,Samoa
110,Melissa Garner,lozanojulie@example.com,2025-06-26,Regular,Denmark
162,Lisa Goodwin,pyoung@example.com,2026-05-04,VIP,Slovenia
200,Dylan Cruz,kwright@example.com,2026-03-13,VIP,Saint Helena
478,Alison Williams,dennishunt@example.net,2022-08-30,Regular,Chad
56,Dustin Nelson,patricia12@example.org,2023-01-15,Regular,Puerto Rico
104,Donna Perez,hamiltoncorey@example.net,2025-03-01,Premium,Bolivia
57,Daniel Perry,amy60@example.org,2025-09-28,Regular,Iceland
410,Ronald Garcia,campbellkristen@example.com,2022-11-22,Regular,Cook Islands
103,Lori Clay,cbrennan@example.net,2022-04-23,Regular,Norfolk Island
266,Jeffrey Roberson,cassie99@example.com,2026-05-09,Regular,Greece
80,Amy Hernandez,christopher31@example.net,2025-06-08,Premium,New Caledonia
439,Miss Brianna Brown,james80@example.com,2025-08-28,Regular,Bosnia and Herzegovina
378,Hailey Jenkins,kpena@example.net,2024-02-16,Regular,China
360,Robert Carr,zunigadonald@example.net,2022-05-08,Regular,Guatemala
436,Vicki Santos,williambenson@example.com,2025-03-11,Premium,Senegal
217,Andrew Moses,reedscott@example.com,2025-05-11,VIP,Croatia
198,John Peterson,larryhiggins@example.net,2026-06-10,Premium,Guatemala
216,Mikayla Roberts,zhuang@example.com,2026-04-16,Regular,Spain
226,Levi Fowler,gwilcox@example.com,2022-05-23,Regular,Paraguay
240,Amanda Keller,allencarlos@example.net,2022-02-25,VIP,Netherlands Antilles
382,Ann Alexander,wfigueroa@example.net,2025-11-24,Premium,Swaziland
253,Gary James,victorpena@example.net,2023-07-08,VIP,Serbia
168,Andrew Lowery,ihorton@example.net,2024-02-09,Regular,Nicaragua
488,Emily Cox,ronaldrichards@example.com,2025-11-04,Regular,Jamaica
121,Ariana Jennings,bruce43@example.org,2026-04-07,Regular,Swaziland
33,Aimee Montoya,sarah12@example.com,2022-07-09,Regular,Botswana
47,Jason Bentley,christinaturner@example.net,2025-09-30,Regular,Gabon
10,Patrick Ryan,zhurst@example.com,2022-12-26,Regular,Burundi
358,Melissa Mcfarland,jeffrey92@example.com,2023-05-19,Regular,Portugal
237,Bobby Brandt,desireebailey@example.org,2026-06-18,Premium,India
320,Jennifer Mitchell,zhenderson@example.org,2024-11-17,Regular,Mauritania
108,Tony Huerta,danielle64@example.com,2025-10-19,Regular,Congo
327,Crystal Hicks,trevinoalexander@example.org,2024-02-14,VIP,Hungary
215,Vickie Wise,hannahburns@example.com,2023-07-27,Regular,Vietnam
354,Brandon Hall Ii,nsmith@example.org,2025-08-16,Regular,Guam
257,Mark Peck,bhopkins@example.org,2024-05-23,Regular,Isle of Man
500,Jeremy Bennett,wcarrillo@example.com,2026-04-27,Regular,Kuwait
127,Richard Camacho,stephen00@example.com,2025-10-22,Regular,Japan
369,Kara Wilson,qruiz@example.com,2022-05-30,VIP,Mayotte
326,Amy Villarreal,michaelscott@example.org,2026-01-07,Premium,Peru
342,Robert Taylor,brownkimberly@example.org,2022-08-03,Premium,Swaziland
225,Erin Simon,jennifer05@example.com,2024-07-20,Regular,Saudi Arabia
305,John Perkins,simonstephen@example.net,2025-02-18,Regular,Thailand
179,Jonathan Glass Md,acostachristian@example.net,2026-06-21,VIP,Cocos (Keeling) Islands
44,Kyle Reed,samuel81@example.com,2026-01-16,Premium,Comoros
365,Nicholas Payne,morgantricia@example.com,2025-03-02,Regular,Jersey
63,Joshua Cooke,jeffrey10@example.org,2026-04-08,VIP,Cook Islands
290,Michael Burns,candice96@example.net,2022-07-07,VIP,Guinea
176,Ricardo Ellis,james30@example.com,2026-03-12,VIP,Malaysia
106,Jason Maldonado,georgemiller@example.com,2024-10-13,VIP,Dominican Republic
367,Monica Baker,kenneth10@example.com,2024-07-27,Regular,Tajikistan
312,Carlos Jones,zdavis@example.org,2022-06-19,VIP,Heard Island and McDonald Islands
228,Kevin Berry,desiree30@example.net,2022-07-14,Regular,Gambia
205,Samantha Hanson,andersoncolin@example.com,2025-07-28,Regular,Guadeloupe
172,Chelsea Barnett,carlos88@example.net,2025-07-14,Regular,Madagascar
471,Shelby Thomas,ccrosby@example.org,2025-06-03,Regular,Djibouti
91,Robin Pierce,qmiller@example.com,2022-07-10,Regular,Sierra Leone
308,Julia Martinez,scottsmith@example.com,2022-11-29,Premium,Portugal
166,Jeffrey Potts,lisawilkerson@example.org,2023-11-12,Premium,Indonesia
374,Travis Cole,teresastokes@example.org,2022-03-12,Premium,Belgium
479,Christopher Mullen,johnsjessica@example.com,2026-04-04,Premium,Cuba
160,Katie Fernandez,stanleynancy@example.net,2022-08-04,Premium,Honduras
143,Heather Sanders,grahamsteve@example.org,2025-11-15,Regular,Morocco
115,Ann Foster,amanda75@example.net,2025-05-14,Regular,Estonia
227,William Woods,adamreyes@example.com,2025-05-21,Regular,Zimbabwe
338,Tony Taylor,moorefrank@example.com,2023-05-31,Regular,British Indian Ocean Territory (Chagos Archipelago)
23,Scott Wright,amandataylor@example.org,2023-04-03,VIP,Egypt
34,Brittney Campbell,jenniferharris@example.net,2025-10-31,VIP,Madagascar
427,Justin Harvey,xmoran@example.net,2024-01-13,VIP,Bhutan
202,Jim Allen,brandon47@example.net,2025-12-18,Premium,Palau
232,Ronald Leach,ashleyhernandez@example.com,2025-11-03,VIP,Kenya
368,Anthony Smith Jr.,bgonzalez@example.org,2022-10-08,Regular,French Guiana
359,Christopher Smith,xrosales@example.net,2022-02-23,VIP,Netherlands
2,Amanda Davis,williamjohnson@example.org,2025-03-20,Regular,Reunion
260,Wanda Perez,valdezmichele@example.org,2022-06-03,Regular,Hong Kong
28,Brooke Yu,yorkcasey@example.org,2025-01-13,VIP,Dominica
93,Mr. Anthony Adams Jr.,samuel71@example.org,2026-05-16,VIP,New Caledonia
82,Marc Lynch,mezajared@example.org,2023-03-11,Regular,Belgium
233,Daniel Aguilar,nolansean@example.org,2024-01-15,Premium,Malaysia
180,Erica Miller,kirk96@example.org,2025-02-05,VIP,Guernsey
224,William Daniels,ismall@example.net,2024-02-08,VIP,Congo
189,Richard Johnson,tanner82@example.net,2025-12-22,VIP,Bahrain
40,Tim Patton,vpham@example.org,2023-03-14,VIP,Solomon Islands
442,Patrick Harris,ogreer@example.net,2025-03-10,Regular,Heard Island and McDonald Islands
188,Michael Graves,laurahicks@example.org,2026-06-05,Regular,Somalia
19,George Chapman,briannasmith@example.net,2024-11-01,Regular,Denmark
245,Daisy Perez,lindamelendez@example.net,2023-11-09,Regular,Israel
64,Lisa Allen,kcaldwell@example.org,2024-02-03,Premium,Equatorial Guinea
76,Cathy Robinson,lhill@example.net,2024-09-06,Regular,Bolivia
159,Daniel Meza,ilee@example.org,2022-05-07,Premium,Tanzania
265,Jasmine Mosley,patrick21@example.net,2025-05-08,VIP,Guatemala
405,Gail Barron,matthewvalenzuela@example.com,2025-05-15,Regular,Chad
493,Dennis Wood,ramseysarah@example.com,2024-10-04,Regular,Mali
150,Rebecca Vargas,william47@example.com,2022-03-03,Regular,Heard Island and McDonald Islands
175,Robin Thompson,epollard@example.net,2022-10-27,Regular,Burkina Faso
350,Robert Ruiz,katie32@example.org,2023-02-11,Regular,Dominican Republic
111,Heather Fields,erica21@example.net,2024-11-26,Regular,Georgia
419,Peggy Carr,timothyfreeman@example.com,2023-12-25,Regular,Bahrain
142,Adam Burgess,davidpatel@example.org,2024-03-31,Premium,Syrian Arab Republic
72,Douglas Carlson,angela83@example.org,2023-02-01,Regular,Ireland
59,Sara Medina,tracynelson@example.com,2022-02-17,Premium,Guadeloupe
353,Michele Bell,annalopez@example.com,2024-06-08,Regular,China
351,Robert Stark,gallagherstacie@example.net,2025-10-21,Regular,South Georgia and the South Sandwich Islands
201,Phillip Jimenez,tjimenez@example.com,2022-02-08,Regular,Western Sahara
70,Patricia Marshall,marcus31@example.com,2025-12-17,Regular,Ecuador
163,Russell Richardson,smurray@example.com,2024-04-05,VIP,Italy
407,Barbara Dawson,brooksdanielle@example.net,2024-10-19,Regular,Nepal
84,Douglas Heath,mcdanielsandra@example.net,2024-08-25,Premium,Spain
441,Donna Beck,yhughes@example.net,2023-05-29,Premium,Micronesia
458,Kimberly Choi,kennetheaton@example.net,2024-11-29,VIP,Zambia
153,Steven Cooper,wagnergerald@example.org,2025-03-07,VIP,Kazakhstan
384,Christina Brown,bryantsamantha@example.net,2022-11-23,VIP,Heard Island and McDonald Islands
197,Tyler Webb,eevans@example.net,2022-04-09,Premium,Kazakhstan
497,Michael Calhoun,jessica89@example.com,2023-07-25,Regular,Suriname
271,Erika Cruz,robert18@example.org,2024-07-27,VIP,Chile
376,Donald Ellis,buchanancindy@example.net,2025-07-06,Regular,Bouvet Island (Bouvetoya)
60,Rebecca Ramsey,ncalhoun@example.net,2022-02-14,Regular,India
480,Willie Dillon,jeffreyjenkins@example.org,2025-07-27,Regular,Swaziland
26,Mrs. Rachel Gibson,uhorton@example.net,2024-12-22,Regular,Libyan Arab Jamahiriya
14,Pamela Romero,harrellkenneth@example.net,2024-04-13,Premium,Congo
191,Joanna Frazier,david89@example.org,2025-06-13,Regular,Bulgaria
129,Lauren Joseph,hvang@example.com,2024-01-15,Regular,Netherlands
421,Anna Stanley,timothyalvarado@example.net,2023-09-24,Regular,Taiwan
186,Thomas Henry,taylorcharles@example.org,2026-01-14,Regular,Kenya
474,Laura Bennett,pdiaz@example.org,2024-04-27,VIP,Honduras
203,Donna Smith,jordannicole@example.net,2023-08-24,Regular,Iraq
36,Deborah Figueroa,hhoffman@example.org,2026-03-31,Regular,Portugal
373,Blake Orr,shawrachel@example.net,2025-01-16,VIP,Niger
304,Mark Beard,powellkara@example.net,2026-03-17,Regular,Heard Island and McDonald Islands
293,Mark Steele,angelaburns@example.org,2022-11-04,Regular,Tajikistan
85,Jessica Stephens,rebekahserrano@example.org,2022-04-08,VIP,Somalia
261,John Walsh,christopherbruce@example.net,2025-07-11,VIP,Mongolia
230,Jesse Zhang,robert87@example.net,2025-08-09,Regular,Sweden
100,Marissa Hernandez,martineztammy@example.com,2025-11-28,Regular,Tunisia
476,David Robertson,jason22@example.com,2024-09-14,VIP,Svalbard & Jan Mayen Islands
146,Seth Reese,masonjackson@example.net,2024-11-05,VIP,Marshall Islands
62,Jesse Rogers,aramirez@example.com,2025-10-02,Regular,Latvia
417,James Jefferson,zbanks@example.org,2022-07-05,Premium,Qatar
494,Victor Brown,daniellegonzales@example.org,2025-10-27,Regular,Venezuela
20,Andre Rivera,joshuawashington@example.net,2022-08-06,VIP,Vietnam
404,Emily Garcia,gary04@example.com,2024-01-19,VIP,Mali
102,Wayne Morgan,vsantos@example.net,2025-11-11,Premium,Hong Kong
400,Judith Stewart,kimberlyfreeman@example.net,2026-06-08,Premium,Germany
183,Austin Osborne,michael90@example.net,2022-09-09,Regular,Korea
422,Stephanie Salazar,schneidereric@example.com,2025-10-29,Premium,Trinidad and Tobago
462,Michael King,jessicafreeman@example.com,2023-08-10,VIP,Paraguay
37,Kimberly Davenport,russellwilliams@example.com,2026-01-15,Premium,South Africa
151,Angela Lin,gilbertwilliam@example.com,2024-08-10,Regular,Zimbabwe
54,Jessica Briggs,jrivas@example.com,2026-01-12,Regular,Samoa
247,Sandra Williams,mnunez@example.org,2025-12-04,Regular,Comoros
306,Joseph Robinson,fsummers@example.com,2023-06-14,Regular,Finland
81,Lisa Rowe,chayes@example.com,2025-11-12,Regular,Japan
218,Joshua Fitzpatrick,derrick99@example.org,2023-02-02,Regular,Paraguay
496,Angie Hill,zgomez@example.com,2024-08-19,VIP,Maldives
299,Sean Wilson,jasonrojas@example.net,2023-07-30,Premium,Russian Federation
279,Megan Taylor,john26@example.com,2022-05-02,Regular,Netherlands Antilles
144,Jared Bowman,darius05@example.org,2025-08-07,Regular,Niger
331,Erin Tran,woodkelly@example.com,2025-04-28,VIP,Ecuador
483,Cassandra Valenzuela,richamanda@example.org,2022-06-02,Premium,Palestinian Territory
139,Luke Craig,scott67@example.net,2023-12-27,Regular,Faroe Islands
401,Abigail Hill,barbaramoore@example.org,2022-08-01,VIP,Jordan
406,Tamara Powell,jeffreymercer@example.org,2025-04-19,VIP,Namibia
356,Joseph Diaz,brookssheri@example.com,2024-08-19,Regular,Guadeloupe
22,Jason Shields,nuneztracey@example.org,2022-04-10,VIP,Saint Lucia
49,Nancy Hopkins,zachary95@example.org,2025-09-05,Regular,Sao Tome and Principe
437,John Duncan,icraig@example.com,2025-12-10,Regular,Jamaica
223,Tonya Howe,smithashley@example.org,2026-03-04,Regular,Grenada
352,Timothy Frey,gregorywatkins@example.net,2025-02-18,Premium,United States Minor Outlying Islands
43,William Herrera,wilsontara@example.org,2024-08-10,Regular,Estonia
88,Michael Valencia,keyemily@example.com,2024-08-03,Regular,Serbia
322,Marie Day,holly30@example.org,2022-05-22,VIP,Jordan
29,Todd Hudson,harveyrobert@example.net,2024-07-16,Premium,Germany
244,Megan Floyd,heather62@example.com,2023-09-10,VIP,Saudi Arabia
429,Mitchell Griffith,kingjames@example.org,2026-03-07,VIP,India
355,Tamara Richard,brian29@example.net,2026-02-14,Regular,Singapore
477,David Shepherd,olsontimothy@example.org,2024-08-27,Premium,Oman
432,Kevin Glass,heatherthompson@example.org,2022-06-19,Regular,Palestinian Territory
17,Betty Alvarez,josephbrennan@example.com,2026-05-02,Premium,Vanuatu
454,Anthony Bauer,andrewsjeremy@example.com,2023-10-31,Premium,Korea
455,Jessica Smith,nicholsdarlene@example.net,2022-04-14,Regular,Samoa
399,Jennifer Pitts,derrickgonzalez@example.com,2026-06-08,Regular,Uganda
414,Anthony Li,phelpsmichael@example.net,2023-05-29,Premium,Saint Vincent and the Grenadines
208,Elizabeth Rogers,terickson@example.com,2025-08-31,Regular,Heard Island and McDonald Islands
318,Vanessa Hatfield,david96@example.com,2024-06-15,VIP,China
456,Mercedes Jones,robertsgina@example.net,2022-05-22,Premium,Serbia
394,Norman Aguilar,matthewreeves@example.net,2024-05-27,Premium,Slovenia
137,Kylie Morales,joycebonilla@example.org,2025-05-09,Regular,Cuba
182,Jose Brady,stephaniethomas@example.net,2025-01-17,VIP,Kazakhstan
130,Ricky Wilson,russellbeasley@example.com,2023-07-11,Regular,Korea
270,Brandon Jordan,fgarcia@example.com,2024-06-28,Regular,Nepal
99,Reginald Williams,zthornton@example.com,2023-09-26,VIP,Panama
457,Jane Short,wellsamanda@example.org,2025-05-10,Regular,South Africa
464,Krystal Diaz,susan20@example.com,2023-02-08,Regular,Cyprus
386,Karen Arnold,frank41@example.com,2022-02-15,VIP,Australia
50,Eric Drake,andrewsanchez@example.com,2024-09-30,Regular,Seychelles
55,Joanna Walton,katie87@example.net,2023-01-28,Premium,Kazakhstan
92,Jose Travis,mgutierrez@example.net,2023-08-17,Regular,Saudi Arabia
221,Erica Brewer,pearsonjesse@example.net,2025-04-01,Regular,Vietnam
258,Joseph Hill,andre62@example.org,2026-02-15,Premium,Malta
147,Susan Bailey,joelthomas@example.org,2022-10-12,Regular,Cape Verde
431,Steven Ellis,tamarasmith@example.net,2022-03-21,VIP,Vietnam
489,Lisa Braun,afischer@example.net,2025-07-10,Regular,Liberia
443,Kimberly Morrison,kellythompson@example.net,2022-05-03,VIP,China
313,Breanna Ayala,darlenebyrd@example.org,2024-05-20,Regular,Algeria
7,Mark Diaz,michael41@example.net,2024-11-07,VIP,Martinique
211,Brittany Becker,armstrongjackie@example.org,2022-02-01,VIP,Germany
392,Tiffany Curtis,edwardcannon@example.org,2025-08-14,Premium,Spain
273,Mr. David Wright,mwheeler@example.com,2022-06-25,Premium,Gabon
335,David Bruce,xhaynes@example.com,2026-05-19,Regular,Belize
366,Carmen Preston,brianrivera@example.org,2023-11-03,Regular,Micronesia
250,Thomas Arnold,oscar85@example.com,2023-03-06,Regular,Malaysia
248,Laurie Powers,timothybooth@example.com,2023-05-13,Premium,United States of America
316,Matthew Wright,kimberly04@example.org,2024-04-29,Regular,Malawi
334,Ashley Moreno,robertwoodward@example.org,2025-03-13,Regular,Bermuda
234,Justin Hansen,jennifer64@example.org,2025-05-08,Premium,Mozambique
259,Corey Fox,joseph61@example.com,2026-04-24,Premium,Kuwait
5,Kimberly Dudley,smiller@example.net,2024-10-11,Regular,Tokelau
78,Melissa Martinez,agarcia@example.net,2023-04-12,Regular,Lesotho
35,Taylor Mathis Jr.,ccalderon@example.org,2023-07-02,Regular,Bulgaria
119,Natalie Bautista,umatthews@example.org,2025-12-23,VIP,Palau
323,Logan Brown,davidzimmerman@example.net,2022-01-19,VIP,Luxembourg
71,Laura Barnett,anthony52@example.com,2022-12-15,Regular,South Georgia and the South Sandwich Islands
415,Samuel Zamora,christianelizabeth@example.org,2023-06-24,Regular,Uganda
4,Phillip Garcia,wdavis@example.net,2023-03-11,Regular,Aruba
475,Courtney Sullivan,tommy79@example.org,2024-04-03,VIP,Burundi
39,Nicole Frost,michellecherry@example.org,2025-12-17,Premium,Anguilla
18,Monica Harris,raymond57@example.net,2024-01-11,Premium,Egypt
469,James Vance,dennis88@example.org,2023-10-14,Regular,Macao
31,Taylor Smith,jonesjason@example.com,2022-08-06,Regular,Guernsey
346,Cody Ramirez,austinharvey@example.org,2024-11-28,Regular,Luxembourg
278,Julia Erickson,ssalinas@example.org,2025-09-05,Regular,South Africa
461,Cheyenne White,yorksarah@example.net,2024-01-27,Regular,Mexico
347,Juan Brown,patrick63@example.net,2025-12-22,Regular,Malta
280,James Hunter,ystephens@example.com,2025-02-25,Regular,Sudan
343,Michael Pace,aguilarjonathan@example.org,2022-02-05,VIP,Bahrain
181,Nicholas Buck,yhill@example.org,2022-05-04,Regular,Northern Mariana Islands
87,Katherine Miller,prestonjessica@example.net,2023-02-15,Regular,Bermuda
236,Chad May,ybrooks@example.com,2025-11-28,Premium,United States of America
252,Sean Figueroa,greensarah@example.net,2025-03-27,Regular,French Polynesia
329,Jason Cortez,margaret95@example.org,2024-04-03,Regular,United Arab Emirates
251,Julie Lang,ugill@example.org,2023-09-01,Regular,Isle of Man
132,Bradley Reynolds,lisa80@example.net,2026-04-19,VIP,Monaco
173,Jeanette Harrison,qzavala@example.net,2022-01-27,Premium,Solomon Islands
336,Kathy Walsh,kjones@example.org,2023-12-15,Premium,Bulgaria
282,Miss Jennifer Goodwin,grodriguez@example.com,2022-12-31,Regular,San Marino
256,Aaron Taylor,carloshernandez@example.org,2024-04-09,Regular,Holy See (Vatican City State)
126,Arthur West,william17@example.net,2022-12-30,Premium,Nicaragua
292,Bruce Brooks,williambarnes@example.org,2024-08-01,Regular,Jamaica
389,Lee Hahn,rodney65@example.com,2023-02-18,VIP,Lao People's Democratic Republic
118,Andrew Ferrell,davispaige@example.org,2023-09-30,VIP,Heard Island and McDonald Islands
169,Bobby Scott,anaacosta@example.net,2023-11-26,Regular,Singapore
101,Ariana Lozano,bowenrobert@example.net,2026-05-11,VIP,Belarus
79,Cody Williams,ewilson@example.com,2024-03-17,Premium,Morocco
152,Stephanie Cole,marcalvarez@example.org,2026-04-21,Regular,Korea
445,Michael Moore,sarahcarlson@example.net,2024-10-07,VIP,Panama
297,Ashley Wilson,amber07@example.net,2022-12-25,Premium,Jamaica
300,Jessica Jensen,lisatrujillo@example.net,2023-07-30,Regular,Fiji
284,Zachary Webb,robert11@example.net,2022-08-21,Regular,Georgia
402,Jennifer Sanford,ismith@example.org,2025-04-14,VIP,Zambia
9,Jennifer Jones,jason76@example.net,2024-01-23,VIP,Estonia
75,Michael Nelson,jerry35@example.org,2025-05-04,Regular,Zambia
492,Caitlyn Oconnell,brockmadeline@example.com,2026-02-28,Premium,Jordan
289,Michael Flynn,lloydamanda@example.com,2023-06-19,Regular,Kuwait
24,Angela Morton,williamsyvette@example.org,2026-05-10,Regular,Vanuatu
446,Richard Pierce,bowerslouis@example.org,2026-04-20,VIP,Mali
161,Christopher Schwartz,jenniferwilliams@example.com,2025-01-14,VIP,Dominica
433,Sonya Gordon,mbarnes@example.net,2025-06-05,VIP,Falkland Islands (Malvinas)
395,Todd Howard,megan82@example.com,2022-06-10,Regular,Brunei Darussalam
468,Patricia Lewis,arnoldamy@example.net,2024-02-14,Premium,Singapore
241,Shelby Sanchez,moralesjimmy@example.org,2025-05-22,Regular,Singapore
370,Jacob James,seanbaker@example.com,2023-03-09,VIP,Taiwan
51,Jason Soto,jennifercruz@example.com,2023-02-05,Regular,Palau
388,Richard Saunders,wellsdavid@example.org,2024-09-13,Premium,Algeria
255,Catherine Preston,warrenmary@example.org,2026-04-01,VIP,Paraguay
185,Cody Holmes,greenjorge@example.com,2022-12-19,Regular,New Zealand
134,Brian Romero,dianewalker@example.org,2023-07-29,Regular,Moldova
158,Yolanda Gaines,lucasrodney@example.com,2022-01-30,VIP,Georgia
184,Jacqueline Hines,alyssasanders@example.net,2023-04-03,Regular,Brazil
333,David Reed,tapiaaaron@example.net,2023-09-10,VIP,Saint Pierre and Miquelon
274,James Skinner,vbrock@example.com,2023-07-04,Regular,Suriname
239,James Hall,rreed@example.org,2026-03-19,VIP,Saint Kitts and Nevis
195,Gail Bradshaw,bryananthony@example.org,2026-04-06,Premium,Sierra Leone
145,Michael Cox,prichard@example.com,2024-08-24,Regular,Malta
499,Kathy Morgan,prattsue@example.net,2025-08-27,Regular,Morocco
283,Lauren Johnston,dbrooks@example.net,2024-08-23,VIP,Macao
123,Phillip Clark,lisahall@example.org,2025-07-18,Regular,Nepal
204,James Hudson,michaelroberts@example.com,2024-04-07,Regular,Serbia
438,Kelly Johnson,brianbrown@example.com,2025-05-16,Regular,Central African Republic
361,Mrs. Stacey Davis,sean43@example.org,2025-02-11,VIP,Guernsey
423,Paul Flores,tara08@example.org,2024-06-22,VIP,Honduras
482,James Rodriguez,alexandrablankenship@example.net,2023-11-20,Premium,Canada
453,Patricia Lucas,burgesseric@example.com,2025-03-22,Premium,Argentina
411,Sandra Dudley,jade42@example.org,2024-06-18,VIP,United States Minor Outlying Islands
460,Paul Berger,jason82@example.org,2022-10-29,Premium,Nicaragua
383,Rick Jones,htaylor@example.net,2022-02-17,Regular,Congo
61,Mary Miller,dtaylor@example.org,2022-03-24,Regular,Hong Kong
380,Derrick Watson,lisa44@example.com,2025-10-15,Regular,Togo
428,Courtney Peterson,amy51@example.org,2026-01-11,Regular,Lithuania
109,Dr. Ashley James Md,victoria40@example.net,2023-10-12,Regular,Algeria
8,Carla Gray,gabriellecameron@example.org,2023-01-11,Regular,Antigua and Barbuda
156,Felicia Aguilar,sabrinacollins@example.net,2025-02-20,Regular,India
171,Linda Smith,jennifercarter@example.org,2024-10-05,VIP,Dominican Republic
107,Mr. David Little Md,nolansteven@example.com,2025-01-16,Premium,Cayman Islands
246,Brandi Sanchez,markmiller@example.com,2025-10-22,VIP,Bermuda
112,Amanda Diaz,christopherphillips@example.net,2023-11-13,Regular,Cook Islands
287,Erin Simmons,zhall@example.net,2022-10-30,VIP,Northern Mariana Islands
430,Roger Lee,daniel60@example.net,2025-10-06,Premium,Namibia
301,Caroline Werner,keith48@example.net,2025-08-30,Regular,Burkina Faso
390,Joseph Hanson,smithyvonne@example.com,2024-07-10,VIP,Nepal
412,Timothy Rivera,smithchristopher@example.org,2025-10-02,VIP,Paraguay
97,Samantha Campbell,mary97@example.org,2024-01-03,VIP,Liberia
38,Amanda Howard,elizabethgomez@example.net,2025-12-21,VIP,Ireland
21,Laura Sanchez,maguirre@example.org,2022-06-09,Regular,Jersey
309,Sonia Turner,clarence54@example.org,2023-09-03,Premium,United Kingdom
310,Amber Garrett,rubendavis@example.org,2022-01-02,Premium,Lesotho
194,Eric Ferguson,brittanycarpenter@example.org,2024-12-16,Regular,Saint Helena
138,Jesse Moore,jennifer99@example.org,2025-12-20,VIP,Cape Verde
27,Edward Novak,adkinsbrian@example.net,2024-02-22,Regular,Uruguay
98,Juan Daniels,mcantu@example.net,2023-01-27,VIP,Hungary
425,Alicia Powell,hawkinsaaron@example.org,2025-07-23,VIP,Niger
371,Antonio Goodwin,millermaurice@example.net,2023-11-11,Regular,Saudi Arabia
275,Marilyn Wheeler,malik37@example.com,2022-10-19,VIP,Indonesia
48,Jeffrey Carpenter,steven73@example.net,2024-02-16,Regular,United Arab Emirates
190,Zachary Higgins,khammond@example.org,2022-07-25,Regular,Ghana
231,David Fischer,foxallison@example.com,2022-05-09,Regular,Mongolia
41,Janet Williams,dwalker@example.com,2023-05-16,Premium,South Africa
332,Kevin Snyder,jessicapayne@example.org,2022-09-05,Regular,Venezuela
170,Eric Williams,nfowler@example.com,2022-04-14,Premium,Taiwan
105,Michael Berger,nguyenbrian@example.com,2023-09-08,VIP,Cameroon
131,Nicholas Edwards,elizabeth52@example.net,2026-02-23,Regular,Bangladesh
125,Hunter Kramer,alfred40@example.org,2025-05-02,Regular,Malta
199,Bianca Wood,floressteven@example.com,2024-01-08,Regular,Cambodia
69,Sandra Zimmerman,hthompson@example.net,2023-03-20,VIP,Sri Lanka
272,Caroline Adams,trevor12@example.com,2023-03-29,Regular,French Southern Territories
487,Colin Fletcher,lanedavid@example.org,2023-09-08,Premium,Costa Rica
491,Michael Martin,williamhartman@example.net,2024-10-04,Regular,Poland
288,Jennifer Mclaughlin,shannonjordan@example.org,2025-03-02,Regular,Costa Rica
30,Christina Moran,josephanderson@example.net,2023-05-08,VIP,Germany
238,Monica Walker,avilatiffany@example.com,2025-01-10,VIP,Mayotte
413,Travis Chan Jr.,conwaydawn@example.com,2026-06-11,Regular,French Polynesia
495,Donna Johnson,christinacraig@example.com,2023-01-28,Regular,Afghanistan
363,Heather Bennett,kkramer@example.net,2025-05-29,VIP,Czech Republic
440,Megan Hoffman,juliahoffman@example.org,2024-04-18,Regular,South Africa
463,Ariel Harvey,louishayes@example.net,2024-12-18,Regular,Puerto Rico
116,Samantha Bentley,leonardthomas@example.net,2025-12-22,Regular,Monaco
435,Shannon Joseph,jamesweber@example.com,2025-01-31,Regular,Uruguay
124,Scott Thomas,amberlindsey@example.org,2024-12-20,Regular,Anguilla
276,Doris Neal,yfaulkner@example.org,2023-06-19,Regular,Fiji
387,Kenneth Hanna,deborahbyrd@example.com,2024-12-05,Regular,Malaysia
193,Travis Stone,meghan43@example.net,2026-04-19,Regular,Falkland Islands (Malvinas)
490,Justin Webb,becky62@example.net,2022-07-15,Regular,Denmark
77,Elizabeth Ward,alexis82@example.com,2022-03-16,Premium,Austria
210,Paula Lane,silvageorge@example.net,2025-03-29,Premium,Singapore
214,Hector Ingram,chelsea33@example.com,2024-07-04,Regular,Czech Republic
357,Chad Moore,fconner@example.net,2023-06-05,VIP,Russian Federation
269,Brittany Price,daniel04@example.com,2023-08-14,Regular,Faroe Islands
403,Frank Whitaker,andrewsmith@example.net,2023-02-13,Premium,Puerto Rico
344,Matthew Lamb,steinmaria@example.com,2022-07-21,Regular,Western Sahara
330,Daniel Black,finleycasey@example.com,2025-11-22,Regular,Singapore
177,Robert Kennedy,mullinsjames@example.com,2025-11-15,Premium,Australia
25,Cynthia Russell,zlewis@example.org,2022-09-28,Premium,Afghanistan
254,Tracy May,umurray@example.com,2022-10-05,Premium,Saint Helena
285,Richard Boyd,thomas77@example.com,2022-04-21,Regular,Aruba
219,Courtney Hall,gutierrezjennifer@example.org,2025-01-22,Premium,Burundi
348,Zachary Stephens,mayokimberly@example.com,2024-02-27,VIP,Slovenia
321,Diamond Collins,terrimoore@example.com,2023-10-04,Regular,North Macedonia
90,Jason Morris,hodgemark@example.net,2024-03-24,Regular,Panama
467,Stephen Jones,mcclainmelissa@example.net,2022-02-21,VIP,Mozambique
377,Charles Matthews,buckleyanna@example.org,2025-07-13,VIP,Trinidad and Tobago
451,Mr. Matthew Flores,vaughangary@example.net,2024-05-24,Regular,Niue
303,Pam Lowe,othomas@example.com,2024-10-27,Regular,Honduras
486,Anne Anderson,fcannon@example.com,2024-09-08,VIP,Mayotte
286,Ashley Sweeney,byrdfrank@example.net,2023-02-05,Regular,China
32,Sherry Wood,samueldaniels@example.com,2024-09-30,Premium,Sri Lanka
141,James Greene,harrissierra@example.org,2025-06-07,Regular,French Guiana
154,Lisa Cox,paul59@example.org,2025-07-19,Premium,Oman
114,Julie Jones,michelleramsey@example.com,2026-05-07,VIP,Spain
267,Donald Riddle,jperez@example.com,2023-12-10,VIP,Pitcairn Islands
339,Traci Clark,steven11@example.org,2025-08-18,Regular,Gabon
74,Elizabeth Perkins,wtran@example.com,2026-06-24,VIP,Mexico
449,David May,susanfleming@example.com,2023-09-18,Regular,South Africa
155,Gary Grant,umitchell@example.net,2026-05-02,Regular,Netherlands
122,Matthew May,williamsmatthew@example.org,2025-07-15,Premium,Costa Rica
165,Michelle Black,mitchellkathryn@example.com,2024-01-08,Regular,Malaysia
420,Ernest Bush,tiffanysantiago@example.com,2024-05-01,Regular,Portugal
345,Christopher Berry,ycrawford@example.net,2023-12-02,Premium,Guinea
396,Molly Hansen,staceylam@example.net,2022-05-27,Regular,Guinea
307,Kenneth Knight,rkramer@example.org,2022-03-17,Premium,Niue
164,Ruth Solis,moniquewilliams@example.com,2025-12-05,Premium,Micronesia
295,Jennifer Vasquez,fburns@example.net,2022-02-20,Regular,Senegal
375,Jessica Osborn Dds,luis11@example.com,2024-07-01,VIP,Micronesia
470,David Maynard,katherinetaylor@example.org,2022-10-21,Premium,Yemen
